-- ----------------------------
-- 禁用外键检查
-- ----------------------------
SET FOREIGN_KEY_CHECKS = 0;

-- ----------------------------
-- 清空数据（准备重新插入）
-- ----------------------------
DELETE FROM `sys_user_post`;
DELETE FROM `sys_user_dept`;
DELETE FROM `sys_user_role`;
DELETE FROM `sys_dict`;
DELETE FROM `sys_user`;
DELETE FROM `sys_dept`;
DELETE FROM `sys_role`;
DELETE FROM `sys_post`;

-- ----------------------------
-- 启用外键检查
-- ----------------------------
SET FOREIGN_KEY_CHECKS = 1;

-- ----------------------------
-- 插入字典表数据
-- ----------------------------
INSERT INTO `sys_dict` (`id`, `parent_id`, `code`, `dict_key`, `dict_value`, `sort`, `remark`, `is_active`) VALUES
                                                                                                                (1, 0, 'sex', '1', '男', 1, '性别', 1),
                                                                                                                (2, 0, 'sex', '2', '女', 2, '性别', 1),
                                                                                                                (3, 0, 'user_status', '1', '正常', 1, '用户状态', 1),
                                                                                                                (4, 0, 'user_status', '2', '冻结', 2, '用户状态', 1),
                                                                                                                (5, 0, 'user_status', '3', '离职', 3, '用户状态', 1),
                                                                                                                (6, 0, 'dept_type', '1', '总公司', 1, '部门类型', 1),
                                                                                                                (7, 0, 'dept_type', '2', '分公司', 2, '部门类型', 1),
                                                                                                                (8, 0, 'dept_type', '3', '部门', 3, '部门类型', 1),
                                                                                                                (9, 0, 'post_category', '1', '管理岗', 1, '岗位类型', 1),
                                                                                                                (10, 0, 'post_category', '2', '技术岗', 2, '岗位类型', 1),
                                                                                                                (11, 0, 'post_category', '3', '业务岗', 3, '岗位类型', 1);

-- ----------------------------
-- 插入部门表数据
-- ----------------------------
INSERT INTO `sys_dept` (`id`, `parent_id`, `dept_name`, `full_name`, `sort`, `remark`, `is_active`) VALUES
                                                                                                        (1, 0, '总公司', '科技有限公司总公司', 1, '总部', 1),
                                                                                                        (2, 1, '技术部', '科技有限公司技术部', 1, '技术研发', 1),
                                                                                                        (3, 1, '市场部', '科技有限公司市场部', 2, '市场推广', 1),
                                                                                                        (4, 1, '人事部', '科技有限公司人事部', 3, '人力资源管理', 1),
                                                                                                        (5, 1, '财务部', '科技有限公司财务部', 4, '财务管理', 1),
                                                                                                        (6, 2, '前端开发组', '科技有限公司技术部前端开发组', 1, '前端开发', 1),
                                                                                                        (7, 2, '后端开发组', '科技有限公司技术部后端开发组', 2, '后端开发', 1);

-- ----------------------------
-- 插入角色表数据
-- ----------------------------
INSERT INTO `sys_role` (`id`, `parent_id`, `role_name`, `sort`, `role_alias`, `is_active`) VALUES
                                                                                               (1, 0, '超级管理员', 1, 'administrator', 1),
                                                                                               (2, 0, '部门经理', 2, 'manager', 1),
                                                                                               (3, 0, '普通员工', 3, 'employee', 1),
                                                                                               (4, 0, '人事专员', 4, 'hr', 1),
                                                                                               (5, 0, '财务专员', 5, 'finance', 1);

-- ----------------------------
-- 插入岗位表数据
-- ----------------------------
INSERT INTO `sys_post` (`id`, `category`, `post_code`, `post_name`, `sort`, `remark`, `create_user`, `create_dept`, `create_time`, `update_user`, `update_time`, `status`, `is_active`) VALUES
                                                                                                                                                                                            (1, 1, 'CEO', '首席执行官', 1, '公司最高管理者', 1, 1, '2024-01-01 00:00:00', 1, '2024-01-01 00:00:00', 1, 1),
                                                                                                                                                                                            (2, 1, 'CTO', '技术总监', 2, '技术部门负责人', 1, 1, '2024-01-01 00:00:00', 1, '2024-01-01 00:00:00', 1, 1),
                                                                                                                                                                                            (3, 2, 'DEV', '开发工程师', 3, '软件开发', 1, 2, '2024-01-01 00:00:00', 1, '2024-01-01 00:00:00', 1, 1),
                                                                                                                                                                                            (4, 3, 'SALES', '销售专员', 4, '产品销售', 1, 3, '2024-01-01 00:00:00', 1, '2024-01-01 00:00:00', 1, 1),
                                                                                                                                                                                            (5, 1, 'HRM', '人事经理', 5, '人事部门管理', 1, 4, '2024-01-01 00:00:00', 1, '2024-01-01 00:00:00', 1, 1);

-- ----------------------------
-- 插入用户表数据
-- ----------------------------
INSERT INTO `sys_user` (`id`, `code`, `account`, `password`, `name`, `real_name`, `avatar`, `email`, `phone`, `birthday`, `sex`, `role_id`, `dept_id`, `post_id`, `create_user`, `create_dept`, `create_time`, `update_user`, `update_time`, `status`, `is_active`) VALUES
                                                                                                                                                                                                                                                                        (1, 'U10001', 'admin', 'e10adc3949ba59abbe56e057f20f883e', '管理员', '张管理员', NULL, 'admin@company.com', '13800138001', '1990-01-01 00:00:00', 1, '1', '1', '1', 1, 1, '2024-01-01 00:00:00', 1, '2024-01-01 00:00:00', 1, 1),
                                                                                                                                                                                                                                                                        (2, 'U10002', 'zhangsan', 'e10adc3949ba59abbe56e057f20f883e', '张三', '张三', NULL, 'zhangsan@company.com', '13800138002', '1992-05-15 00:00:00', 1, '2,3', '2', '2', 1, 1, '2024-01-01 00:00:00', 1, '2024-01-01 00:00:00', 1, 1),
                                                                                                                                                                                                                                                                        (3, 'U10003', 'lisi', 'e10adc3949ba59abbe56e057f20f883e', '李四', '李四', NULL, 'lisi@company.com', '13800138003', '1993-08-20 00:00:00', 1, '3', '6', '3', 1, 1, '2024-01-01 00:00:00', 1, '2024-01-01 00:00:00', 1, 1),
                                                                                                                                                                                                                                                                        (4, 'U10004', 'wangwu', 'e10adc3949ba59abbe56e057f20f883e', '王五', '王五', NULL, 'wangwu@company.com', '13800138004', '1991-12-10 00:00:00', 1, '3', '7', '3', 1, 1, '2024-01-01 00:00:00', 1, '2024-01-01 00:00:00', 1, 1),
                                                                                                                                                                                                                                                                        (5, 'U10005', 'zhaoliu', 'e10adc3949ba59abbe56e057f20f883e', '赵六', '赵六', NULL, 'zhaoliu@company.com', '13800138005', '1994-03-25 00:00:00', 2, '4', '4', '5', 1, 1, '2024-01-01 00:00:00', 1, '2024-01-01 00:00:00', 1, 1),
                                                                                                                                                                                                                                                                        (6, 'U10006', 'sunqi', 'e10adc3949ba59abbe56e057f20f883e', '孙七', '孙七', NULL, 'sunqi@company.com', '13800138006', '1995-07-18 00:00:00', 2, '3', '3', '4', 1, 1, '2024-01-01 00:00:00', 1, '2024-01-01 00:00:00', 1, 1);

-- ----------------------------
-- 插入用户角色关联表数据
-- ----------------------------
INSERT INTO `sys_user_role` (`id`, `user_id`, `role_id`) VALUES
                                                             (1, 1, 1),
                                                             (2, 2, 2),
                                                             (3, 2, 3),
                                                             (4, 3, 3),
                                                             (5, 4, 3),
                                                             (6, 5, 4),
                                                             (7, 6, 3);

-- ----------------------------
-- 插入用户部门表数据
-- ----------------------------
INSERT INTO `sys_user_dept` (`id`, `user_id`, `dept_id`) VALUES
                                                             (1, 1, 1),
                                                             (2, 2, 2),
                                                             (3, 3, 6),
                                                             (4, 4, 7),
                                                             (5, 5, 4),
                                                             (6, 6, 3);

-- ----------------------------
-- 插入用户岗位关联表数据
-- ----------------------------
INSERT INTO `sys_user_post` (`id`, `user_id`, `post_id`) VALUES
                                                             (1, 1, 1),
                                                             (2, 2, 2),
                                                             (3, 3, 3),
                                                             (4, 4, 3),
                                                             (5, 5, 5),
                                                             (6, 6, 4);